date,mentions_count,sentiment_score
2024-01-24 10:38:11.772028,376.2944195367232,61.037565276606415
2024-01-25 10:38:11.772028,438.2385495717432,50.34664122293289
2024-01-26 10:38:11.772028,497.4186418891751,56.54025409412144
2024-01-27 10:38:11.772028,287.68593121769885,58.294865193956355
2024-01-28 10:38:11.772028,315.66741137006045,32.31239701046491
2024-01-29 10:38:11.772028,570.9580761439136,41.85804811357583
2024-01-30 10:38:11.772028,512.0740851280689,45.469181987157114
2024-01-31 10:38:11.772028,391.31761749352415,53.19262132225681
2024-02-01 10:38:11.772028,686.8253007910041,64.8313837910498
2024-02-02 10:38:11.772028,590.0821473517756,37.36593251781606
2024-02-03 10:38:11.772028,477.50296149302676,53.122061611080916
2024-02-04 10:38:11.772028,491.3494053873896,76.82905621709921
2024-02-05 10:38:11.772028,356.0971356623726,37.475958088081
2024-02-06 10:38:11.772028,309.77097943379454,23.333852619497126
2024-02-07 10:38:11.772028,797.9621318339173,37.14450580967926
2024-02-08 10:38:11.772028,838.4271827284158,39.18167727989569
2024-02-09 10:38:11.772028,968.486014167396,65.99650616468652
2024-02-10 10:38:11.772028,577.8713928557272,49.67884971720881
2024-02-11 10:38:11.772028,362.45025961178925,41.418913100579154
2024-02-12 10:38:11.772028,574.061587526731,47.57537908133036
2024-02-13 10:38:11.772028,739.3384578930408,50.00947476471748
2024-02-14 10:38:11.772028,514.8018857210582,30.538095607321114
2024-02-15 10:38:11.772028,612.7681476422218,36.47579241960704
2024-02-16 10:38:11.772028,346.3912028919648,44.49643487646077
2024-02-17 10:38:11.772028,624.4855340220488,39.32274680897437
2024-02-18 10:38:11.772028,502.87928574074357,57.59444195629685
2024-02-19 10:38:11.772028,492.8899466413382,68.07655793838597
2024-02-20 10:38:11.772028,727.4997513232798,58.47375234215229
2024-02-21 10:38:11.772028,466.5502272965073,50.345462148990144
2024-02-22 10:38:11.772028,340.8445041294609,26.46137637498176
2024-02-23 10:38:11.772028,463.2240433649718,65.496219537015
2024-02-24 10:38:11.772028,868.932311240389,72.36084744737595
2024-02-25 10:38:11.772028,343.51314499575767,57.788549394640505
2024-02-26 10:38:11.772028,184.3967015772434,47.06664720305198
2024-02-27 10:38:11.772028,659.2445626633024,70.37516101678112
2024-02-28 10:38:11.772028,481.866590449169,89.54548215080268
2024-02-29 10:38:11.772028,590.4443406307302,61.55330472534203
2024-03-01 10:38:11.772028,470.42516724392254,55.33268291581928
2024-03-02 10:38:11.772028,396.08406093476106,53.58956509058277
2024-03-03 10:38:11.772028,462.4504332214948,36.41113281946826
2024-03-04 10:38:11.772028,436.1150192289169,46.939029012846106
2024-03-05 10:38:11.772028,565.0582712301871,45.39798634683646
2024-03-06 10:38:11.772028,566.1164175691405,59.12617417302319
2024-03-07 10:38:11.772028,384.35055123137056,57.90444895823745
2024-03-08 10:38:11.772028,312.02348464379486,57.68337403845396
2024-03-09 10:38:11.772028,400.6619558534106,47.70248728953839
2024-03-10 10:38:11.772028,518.8425874285499,20.851105828496536
2024-03-11 10:38:11.772028,497.90664593837477,74.58896939836077
2024-03-12 10:38:11.772028,569.5007407245325,40.658863981364306
2024-03-13 10:38:11.772028,625.1771432201382,39.23704164914807
2024-03-14 10:38:11.772028,279.27097400449406,51.66981224332004
2024-03-15 10:38:11.772028,389.37780992359785,21.204375778664808
2024-03-16 10:38:11.772028,560.3732933032752,52.421360434217874
2024-03-17 10:38:11.772028,600.2807511723904,67.22040507721827
2024-03-18 10:38:11.772028,357.93464937090073,48.054157109254184
2024-03-19 10:38:11.772028,593.1979209849667,5.671248898613712
2024-03-20 10:38:11.772028,33.79709074234398,27.761185544463075
2024-03-21 10:38:11.772028,670.2135361036394,40.59262587864382
2024-03-22 10:38:11.772028,916.1839208572695,67.69727832675565
2024-03-23 10:38:11.772028,309.7911260162407,39.59921517851524
2024-03-24 10:38:11.772028,404.8110856453692,44.34775913643763
2024-03-25 10:38:11.772028,693.9341942286234,37.61517450802399
2024-03-26 10:38:11.772028,316.43741452511546,67.17194596461165
2024-03-27 10:38:11.772028,557.0221439627752,45.28940083164036
2024-03-28 10:38:11.772028,664.6536070593138,44.113323416245294
2024-03-29 10:38:11.772028,333.19512540153545,48.16070686569764
2024-03-30 10:38:11.772028,643.1173263002253,73.82049455369327
2024-03-31 10:38:11.772028,233.47462917578508,51.25654843970689
2024-04-01 10:38:11.772028,377.6234038318337,46.87310597992673
2024-04-02 10:38:11.772028,340.59604066131936,63.40298128769979
2024-04-03 10:38:11.772028,335.0906837684063,54.728159999597956
2024-04-04 10:38:11.772028,549.9293191962803,48.18646903568678
2024-04-05 10:38:11.772028,748.965617760552,68.92428116415576
2024-04-06 10:38:11.772028,606.2821700844393,48.27973385303899
2024-04-07 10:38:11.772028,260.7760361401796,14.84386424920607
2024-04-08 10:38:11.772028,537.1000636264173,43.397784917703156
2024-04-09 10:38:11.772028,415.6608404933958,59.547299587238186
2024-04-10 10:38:11.772028,490.241039061669,44.860607540693785
2024-04-11 10:38:11.772028,454.9998000472986,57.92924041421906
2024-04-12 10:38:11.772028,430.91434526321655,26.108160803916643
2024-04-13 10:38:11.772028,358.35250989379506,60.73180042242629
2024-04-14 10:38:11.772028,536.7381871014633,44.297576284691004
2024-04-15 10:38:11.772028,665.8856132336205,72.2290579187812
2024-04-16 10:38:11.772028,594.8484444235347,46.08340501268276
2024-04-17 10:38:11.772028,321.9456577154318,35.67729313259984
2024-04-18 10:38:11.772028,369.4437755910815,60.39835740638849
2024-04-19 10:38:11.772028,403.5150563768774,39.67291822478734
2024-04-20 10:38:11.772028,717.1754193964665,29.477610054424133
2024-04-21 10:38:11.772028,649.6647976157129,33.20629318141161
2024-04-22 10:38:11.772028,535.9474202036383,60.10054749631363
2024-04-23 10:38:11.772028,374.10885079101627,26.45329086278115
2024-04-24 10:38:11.772028,354.98522031197206,34.034613470459995
2024-04-25 10:38:11.772028,576.4434566526195,35.93032885596725
2024-04-26 10:38:11.772028,677.4789578455476,82.410134086242
2024-04-27 10:38:11.772028,538.5358562384058,63.327973946502915
2024-04-28 10:38:11.772028,526.254595328856,39.77495565488852
2024-04-29 10:38:11.772028,140.74396312195762,44.81124613537063
2024-04-30 10:38:11.772028,517.9844758153258,10.257477864644486
2024-05-01 10:38:11.772028,387.8432301145494,78.03994390313827
2024-05-02 10:38:11.772028,246.93513410761102,58.546675803117424
2024-05-03 10:38:11.772028,746.5453354960432,44.133261398830065
2024-05-04 10:38:11.772028,645.2745536355964,9.62861912770532
2024-05-05 10:38:11.772028,568.6728956609553,75.83707076874899
2024-05-06 10:38:11.772028,808.6878512677066,45.8670052439414
2024-05-07 10:38:11.772028,489.5818783963113,71.9650038469074
2024-05-08 10:38:11.772028,507.6273877827944,56.704489777229924
2024-05-09 10:38:11.772028,504.5100121496956,29.522319713350278
2024-05-10 10:38:11.772028,666.3442841577089,50.5822360815736
2024-05-11 10:38:11.772028,545.341275951118,63.35006436378386
2024-05-12 10:38:11.772028,370.83542438689767,46.43083808269013
2024-05-13 10:38:11.772028,453.4346179977658,62.749274221488335
2024-05-14 10:38:11.772028,423.3081592927141,2.1577526272709093
2024-05-15 10:38:11.772028,423.28435422175176,48.57806898323291
2024-05-16 10:38:11.772028,448.45841509257093,35.88999536746896
2024-05-17 10:38:11.772028,491.53337433299913,20.98020460829207
2024-05-18 10:38:11.772028,468.8911214792514,66.3816726969484
2024-05-19 10:38:11.772028,448.4936031709303,42.24608759066502
2024-05-20 10:38:11.772028,650.8934704068678,45.656087062605025
2024-05-21 10:38:11.772028,396.05805138082343,55.823443511325266
2024-05-22 10:38:11.772028,507.00731091630826,39.292325106318465
2024-05-23 10:38:11.772028,659.4616803227257,65.32368923977621
2024-05-24 10:38:11.772028,624.4552565830761,71.43171990695461
2024-05-25 10:38:11.772028,330.758270506068,58.46680006787384
2024-05-26 10:38:11.772028,529.8080745791084,38.560302342075936
2024-05-27 10:38:11.772028,417.5545073875944,49.12983878183459
2024-05-28 10:38:11.772028,217.29797005938218,70.58244513691041
2024-05-29 10:38:11.772028,668.3637936357352,44.69539443084188
2024-05-30 10:38:11.772028,284.31868818757283,61.0767988281484
2024-05-31 10:38:11.772028,537.434739778141,43.87521956179667
2024-06-01 10:38:11.772028,98.07949055956021,51.83042296493875
2024-06-02 10:38:11.772028,415.69493984034943,43.802584423983284
2024-06-03 10:38:11.772028,590.8031679457004,48.31790902876976
2024-06-04 10:38:11.772028,570.9425306614993,43.27302123989677
2024-06-05 10:38:11.772028,135.53260313130448,13.673003215223815
2024-06-06 10:38:11.772028,672.9586426666385,64.7319216349
2024-06-07 10:38:11.772028,391.25439073383285,45.07503349958233
2024-06-08 10:38:11.772028,340.1596977725195,41.72337501555708
2024-06-09 10:38:11.772028,644.2149075230116,34.38160938784423
2024-06-10 10:38:11.772028,313.68712222190186,83.20889261137222
2024-06-11 10:38:11.772028,478.12570700875676,68.78147989786018
2024-06-12 10:38:11.772028,475.311508835816,61.55258151336368
2024-06-13 10:38:11.772028,381.90234407627406,35.35306596507581
2024-06-14 10:38:11.772028,397.28651594108413,62.65313354730418
2024-06-15 10:38:11.772028,310.1697318208569,60.22040139683186
2024-06-16 10:38:11.772028,368.6446060820956,57.33687264521339
2024-06-17 10:38:11.772028,499.7552707904091,61.21570452556399
2024-06-18 10:38:11.772028,605.9212237586373,37.264014040362575
2024-06-19 10:38:11.772028,501.4324520682321,58.32270622924168
2024-06-20 10:38:11.772028,635.2700222665931,56.99108617973478
2024-06-21 10:38:11.772028,405.6494445217448,46.848700519816845
2024-06-22 10:38:11.772028,268.9909154049435,25.598993401856916
2024-06-23 10:38:11.772028,226.03854963818895,49.707386116836176
2024-06-24 10:38:11.772028,570.3377160923341,71.0192528552981
2024-06-25 10:38:11.772028,196.68742598641944,49.35790322343543
2024-06-26 10:38:11.772028,528.0443822872516,75.35891857989179
2024-06-27 10:38:11.772028,695.0810687746527,64.98276467018356
2024-06-28 10:38:11.772028,653.9774428373785,92.38310553882778
2024-06-29 10:38:11.772028,306.430886466276,55.64399867961093
2024-06-30 10:38:11.772028,573.4114330728496,50.23019572769955
2024-07-01 10:38:11.772028,281.0109660710755,57.42513200764629
2024-07-02 10:38:11.772028,135.06505591422484,71.45302139306345
2024-07-03 10:38:11.772028,648.3819605734489,63.472591711261266
2024-07-04 10:38:11.772028,586.989465950385,25.581621717824405
2024-07-05 10:38:11.772028,678.1807292299745,59.47284519484034
2024-07-06 10:38:11.772028,533.3164713569198,48.57804056747854
2024-07-07 10:38:11.772028,611.2362895983737,37.63740085422135
2024-07-08 10:38:11.772028,504.5287516943897,61.18928747495646
2024-07-09 10:38:11.772028,516.1450202205576,48.25385880457177
2024-07-10 10:38:11.772028,195.4750598335387,37.13773163547178
2024-07-11 10:38:11.772028,482.53984194812676,71.19970741105597
2024-07-12 10:38:11.772028,246.59042245391618,68.59645104769062
2024-07-13 10:38:11.772028,552.973351244116,63.804607713999566
2024-07-14 10:38:11.772028,542.2983288617428,47.64589411297301
2024-07-15 10:38:11.772028,442.8029377254676,77.4491981337539
2024-07-16 10:38:11.772028,623.9704752719203,77.88257109435634
2024-07-17 10:38:11.772028,446.2739291384419,42.60833455346614
2024-07-18 10:38:11.772028,356.12189215780177,42.078445900543755
2024-07-19 10:38:11.772028,293.0417155463546,35.00693858142222
2024-07-20 10:38:11.772028,608.0982946139054,46.56375005051576
2024-07-21 10:38:11.772028,503.2359129344687,55.909352213825684
2024-07-22 10:38:11.772028,596.7405127782318,54.411297350001064
2024-07-23 10:38:11.772028,585.384836176031,60.90058877136096
2024-07-24 10:38:11.772028,692.3494076035121,39.05372536658879
2024-07-25 10:38:11.772028,364.92860390254873,70.99683380861102
2024-07-26 10:38:11.772028,711.7158930163864,65.22778422320292
2024-07-27 10:38:11.772028,316.03483614223626,53.21610105511602
2024-07-28 10:38:11.772028,526.313207341935,57.18378523697507
2024-07-29 10:38:11.772028,955.5263032302971,56.6735110429806
2024-07-30 10:38:11.772028,541.040950466913,49.241269497082214
2024-07-31 10:38:11.772028,648.894116435472,36.09748126669919
2024-08-01 10:38:11.772028,584.2599235174105,50.03975627505108
2024-08-02 10:38:11.772028,579.0295718516452,59.86737297721626
2024-08-03 10:38:11.772028,715.4655685072009,33.6099510002339
2024-08-04 10:38:11.772028,358.88143456038733,40.74409715827272
2024-08-05 10:38:11.772028,196.44690408928687,45.07636260649071
2024-08-06 10:38:11.772028,337.5484983942266,68.72744504520695
2024-08-07 10:38:11.772028,210.53639579453488,73.71118949985652
2024-08-08 10:38:11.772028,94.60216638320259,47.881650421694204
2024-08-09 10:38:11.772028,850.4972180646582,56.01492955571379
2024-08-10 10:38:11.772028,432.57737707075603,55.48675252868005
2024-08-11 10:38:11.772028,648.4053316727702,44.10672736172061
2024-08-12 10:38:11.772028,345.09436588560254,55.83653227203073
2024-08-13 10:38:11.772028,572.442131199804,47.4313008888216
2024-08-14 10:38:11.772028,471.4632934873921,54.433238537046265
2024-08-15 10:38:11.772028,594.5945212393584,45.023552148230245
2024-08-16 10:38:11.772028,725.8734131433666,57.72891617329367
2024-08-17 10:38:11.772028,299.9875330327143,61.591781447412004
2024-08-18 10:38:11.772028,702.7494250222778,51.7325099384973
2024-08-19 10:38:11.772028,400.9241506874784,51.20670323148013
2024-08-20 10:38:11.772028,734.244085812575,48.281360556575684
2024-08-21 10:38:11.772028,538.8599865144952,69.09237799581356
2024-08-22 10:38:11.772028,793.1385650158908,57.74565814597455
2024-08-23 10:38:11.772028,413.4330176491144,64.90022832614073
2024-08-24 10:38:11.772028,637.5379697157294,34.38557695069262
2024-08-25 10:38:11.772028,626.2987647638598,58.39694950501254
2024-08-26 10:38:11.772028,562.3293761821323,47.31091173307289
2024-08-27 10:38:11.772028,458.0693546655345,20.525170877076512
2024-08-28 10:38:11.772028,660.323181208619,29.48731256297368
2024-08-29 10:38:11.772028,710.9332597496943,37.299167384229115
2024-08-30 10:38:11.772028,502.1076773200004,46.13082433159783
2024-08-31 10:38:11.772028,547.8024501256258,65.5961216987293
2024-09-01 10:38:11.772028,841.934205422001,53.15748136587269
2024-09-02 10:38:11.772028,325.76356823554084,55.627502437836114
2024-09-03 10:38:11.772028,401.39427604237187,36.92705641768036
2024-09-04 10:38:11.772028,418.4194966897171,59.05895465851981
2024-09-05 10:38:11.772028,397.9300878739967,82.1196114717026
2024-09-06 10:38:11.772028,498.70714188225224,46.14716153002044
2024-09-07 10:38:11.772028,609.3026135464758,63.635943776695406
2024-09-08 10:38:11.772028,627.569208827583,31.323531596259546
2024-09-09 10:38:11.772028,478.8364108267159,52.454609773671635
2024-09-10 10:38:11.772028,187.08922381969052,53.260118651067174
2024-09-11 10:38:11.772028,212.88927700952024,59.25225986968873
2024-09-12 10:38:11.772028,400.7584305368934,43.578197026920314
2024-09-13 10:38:11.772028,605.8268402382711,57.34152745926682
2024-09-14 10:38:11.772028,738.2985136192742,48.699493747934156
2024-09-15 10:38:11.772028,598.167694247152,57.41337426963244
2024-09-16 10:38:11.772028,460.30146590410624,53.7324034700004
2024-09-17 10:38:11.772028,406.1465762552344,37.86855673561551
2024-09-18 10:38:11.772028,308.97006366238554,12.736979854237326
2024-09-19 10:38:11.772028,501.6470057308053,73.40532499823021
2024-09-20 10:38:11.772028,503.8054691260674,38.6874749572344
2024-09-21 10:38:11.772028,624.9870023999164,44.87890756371323
2024-09-22 10:38:11.772028,515.7630470204247,35.52590222658694
2024-09-23 10:38:11.772028,572.6602376425235,35.07563090388523
2024-09-24 10:38:11.772028,503.47400762279614,33.33187772475299
2024-09-25 10:38:11.772028,714.3260401128251,49.550589055599175
2024-09-26 10:38:11.772028,306.2690502482731,61.09518691379909
2024-09-27 10:38:11.772028,532.65899107886,27.206572891026692
2024-09-28 10:38:11.772028,711.934717412425,60.5490925506635
2024-09-29 10:38:11.772028,418.81149509961926,46.93751966647465
2024-09-30 10:38:11.772028,571.7870005544978,59.35116801891283
2024-10-01 10:38:11.772028,556.8616665107832,42.83264007192988
2024-10-02 10:38:11.772028,382.06550765907946,61.74122096134767
2024-10-03 10:38:11.772028,415.34453051060126,52.87315695950086
2024-10-04 10:38:11.772028,317.9743242402268,56.20920694529927
2024-10-05 10:38:11.772028,343.9772133945196,57.12619943565776
2024-10-06 10:38:11.772028,509.75693453391733,39.860214688295024
2024-10-07 10:38:11.772028,513.026235885336,55.272892780246764
2024-10-08 10:38:11.772028,733.6341344383299,24.015965513699317
2024-10-09 10:38:11.772028,387.9181041955046,59.622490296967676
2024-10-10 10:38:11.772028,348.109694436473,73.26694333097724
2024-10-11 10:38:11.772028,666.6086001210022,36.21169326354424
2024-10-12 10:38:11.772028,672.4355514421466,48.1109392791125
2024-10-13 10:38:11.772028,281.3748433241185,72.21007511057716
2024-10-14 10:38:11.772028,466.02128075612035,57.03945020843934
2024-10-15 10:38:11.772028,535.0955450041978,15.819552564307315
2024-10-16 10:38:11.772028,829.1830265349507,9.118635228278933
2024-10-17 10:38:11.772028,424.6270286877424,51.75120887878542
2024-10-18 10:38:11.772028,370.60882283385354,71.73812674871739
2024-10-19 10:38:11.772028,824.8244191267897,20.84768509604353
2024-10-20 10:38:11.772028,378.29196887031907,48.63533506802254
2024-10-21 10:38:11.772028,585.4099743079045,63.0735865443922
2024-10-22 10:38:11.772028,251.0847163451759,61.046896233734955
2024-10-23 10:38:11.772028,467.18590748857616,45.915735608885186
2024-10-24 10:38:11.772028,323.72488659809426,61.756641320557634
2024-10-25 10:38:11.772028,534.3586550828009,20.54446609626126
2024-10-26 10:38:11.772028,706.9374013777096,51.41360988971631
2024-10-27 10:38:11.772028,908.1812107954809,48.16375162756601
2024-10-28 10:38:11.772028,361.2229905616855,47.16374315132375
2024-10-29 10:38:11.772028,651.5327004952684,54.23177146291609
2024-10-30 10:38:11.772028,341.0590308821932,49.33685933291279
2024-10-31 10:38:11.772028,422.0592622815635,41.98638065082079
2024-11-01 10:38:11.772028,611.1168816162126,64.0004329338923
2024-11-02 10:38:11.772028,334.7380666945307,40.63072772308564
2024-11-03 10:38:11.772028,548.0874697494547,49.5579436604967
2024-11-04 10:38:11.772028,692.4783280170018,45.68856291790289
2024-11-05 10:38:11.772028,577.3823811892094,74.9594772623745
2024-11-06 10:38:11.772028,670.5857122380602,61.0251594280197
2024-11-07 10:38:11.772028,292.98890989493606,29.721627941029038
2024-11-08 10:38:11.772028,198.77710271511233,52.1396173834408
2024-11-09 10:38:11.772028,378.74112531993853,18.990352545038427
2024-11-10 10:38:11.772028,297.2693257547952,52.70088707923373
2024-11-11 10:38:11.772028,547.1186685938388,35.16082236734521
2024-11-12 10:38:11.772028,239.14035070836314,63.07434956008872
2024-11-13 10:38:11.772028,306.03022375576336,73.91775468447204
2024-11-14 10:38:11.772028,624.0809518112314,80.90653388654246
2024-11-15 10:38:11.772028,550.0208943953955,45.3175946099647
2024-11-16 10:38:11.772028,176.98384846664715,51.522090525449016
2024-11-17 10:38:11.772028,453.9979966539834,42.80896650797145
2024-11-18 10:38:11.772028,502.47698909874634,33.2739883709546
2024-11-19 10:38:11.772028,344.9428125368755,20.85946306354539
2024-11-20 10:38:11.772028,778.7346022067316,55.48451471937975
2024-11-21 10:38:11.772028,600.74800607204,25.807789561675406
2024-11-22 10:38:11.772028,474.8229500675697,55.23724829365698
2024-11-23 10:38:11.772028,466.2189157440062,36.61177552082948
2024-11-24 10:38:11.772028,328.3807102462636,40.28159354706276
2024-11-25 10:38:11.772028,517.2797781630321,46.88708434699197
2024-11-26 10:38:11.772028,574.0574950734167,39.391169075858315
2024-11-27 10:38:11.772028,111.04931448804018,43.06893977898748
2024-11-28 10:38:11.772028,458.2690980287173,49.02557082544399
2024-11-29 10:38:11.772028,544.1116272900355,73.0721214180806
2024-11-30 10:38:11.772028,586.1694391680121,62.5658845585016
2024-12-01 10:38:11.772028,385.8419849284112,50.878294479032036
2024-12-02 10:38:11.772028,492.022707898414,47.86411517309408
2024-12-03 10:38:11.772028,494.81011923850247,54.29907604898769
2024-12-04 10:38:11.772028,467.5254876310063,94.56635604561248
2024-12-05 10:38:11.772028,653.1717893008806,44.38521630740858
2024-12-06 10:38:11.772028,411.3872328516655,46.920653531680465
2024-12-07 10:38:11.772028,735.7324786890281,59.77657843706993
2024-12-08 10:38:11.772028,443.7571455539413,39.6499143321694
2024-12-09 10:38:11.772028,561.7966986269639,56.704128465678366
2024-12-10 10:38:11.772028,761.4410672622186,95.11001184262318
2024-12-11 10:38:11.772028,529.9497933548248,51.374869608491686
2024-12-12 10:38:11.772028,707.7920433840306,60.32336325353452
2024-12-13 10:38:11.772028,433.46915684072985,31.34857582986756
2024-12-14 10:38:11.772028,239.69534928150392,29.157821142224144
2024-12-15 10:38:11.772028,824.2413458834627,43.679069937837305
2024-12-16 10:38:11.772028,559.3834328244394,43.165776751557026
2024-12-17 10:38:11.772028,487.81909322388134,50.032485298890336
2024-12-18 10:38:11.772028,665.4072140397502,35.140458697709356
2024-12-19 10:38:11.772028,494.95699846304757,71.26652712024777
2024-12-20 10:38:11.772028,388.76726415493806,50.38379413220896
2024-12-21 10:38:11.772028,489.5975927765577,62.97879968654172
2024-12-22 10:38:11.772028,542.5027209897919,33.52777574469381
2024-12-23 10:38:11.772028,164.1000005225548,67.10234084036499
2024-12-24 10:38:11.772028,389.2626197148075,66.28394392537749
2024-12-25 10:38:11.772028,720.1097552369251,44.8368528522114
2024-12-26 10:38:11.772028,558.1605906525552,41.90776704268202
2024-12-27 10:38:11.772028,216.8379531011231,45.73426587584227
2024-12-28 10:38:11.772028,477.9100046574987,60.4867926015908
2024-12-29 10:38:11.772028,531.2121274717884,53.352629589406455
2024-12-30 10:38:11.772028,521.0473738500783,30.527489999742336
2024-12-31 10:38:11.772028,528.1925237251343,49.746147397839366
2025-01-01 10:38:11.772028,391.4614289998098,69.0963900975937
2025-01-02 10:38:11.772028,634.0320531114122,77.67208561830498
2025-01-03 10:38:11.772028,420.1223810923696,64.45792385419996
2025-01-04 10:38:11.772028,547.6807479393046,44.45859566358224
2025-01-05 10:38:11.772028,564.5532855765473,56.90501444200239
2025-01-06 10:38:11.772028,541.6367626125283,58.6685315974112
2025-01-07 10:38:11.772028,564.378865166356,57.546260720685446
2025-01-08 10:38:11.772028,598.6978907209074,11.429702836106621
2025-01-09 10:38:11.772028,460.58531608363074,24.304290614835473
2025-01-10 10:38:11.772028,443.045229226571,55.97889983416122
2025-01-11 10:38:11.772028,541.8176363218673,50.90511227275365
2025-01-12 10:38:11.772028,453.17838723890236,71.12107324564028
2025-01-13 10:38:11.772028,655.0326390377304,60.183132814883095
2025-01-14 10:38:11.772028,639.3673862152953,49.76070550289317
2025-01-15 10:38:11.772028,702.2041444498767,27.669870032948204
2025-01-16 10:38:11.772028,442.93292910375715,56.81981642795865
2025-01-17 10:38:11.772028,560.8619015507153,67.8913444276456
2025-01-18 10:38:11.772028,397.08352207706133,44.22697131518742
2025-01-19 10:38:11.772028,603.5811475394975,40.5751202296107
2025-01-20 10:38:11.772028,405.8478724434491,47.50185654306517
2025-01-21 10:38:11.772028,490.6666355239355,25.832625021544068
2025-01-22 10:38:11.772028,628.017808435939,67.14225474350133
2025-01-23 10:38:11.772028,644.8418237755601,52.358534958428166
2025-01-24 10:38:11.772028,493.44488286272485,48.08717108128288
2025-01-25 10:38:11.772028,438.7515892175677,62.70987021234811
2025-01-26 10:38:11.772028,636.8583791240095,42.15043901040243
2025-01-27 10:38:11.772028,198.34132621034848,23.9486445321594
2025-01-28 10:38:11.772028,275.637497150361,57.60792120455954
2025-01-29 10:38:11.772028,650.6795047842065,30.18743960359406
2025-01-30 10:38:11.772028,409.51099703022203,53.37680370759297
2025-01-31 10:38:11.772028,458.7752266729832,49.94360744725773
2025-02-01 10:38:11.772028,402.7437760114553,63.46732560859594
2025-02-02 10:38:11.772028,504.30243831384774,69.9355466172257
2025-02-03 10:38:11.772028,248.9659084388907,33.72681012495284
2025-02-04 10:38:11.772028,734.4039802865755,34.01384923736087
2025-02-05 10:38:11.772028,619.7805332226642,24.543945100843242
2025-02-06 10:38:11.772028,748.4798267522176,66.22381348368569
2025-02-07 10:38:11.772028,540.3337495354095,47.32674805579917
2025-02-08 10:38:11.772028,300.9296494766753,41.966032120624774
2025-02-09 10:38:11.772028,397.0243625560631,39.62360028168136
2025-02-10 10:38:11.772028,511.24688156902187,29.48143291092322
2025-02-11 10:38:11.772028,285.44418828439575,34.65229231695371
2025-02-12 10:38:11.772028,467.8310758237808,33.02628892071219
2025-02-13 10:38:11.772028,462.56490135150517,60.14660431938823
2025-02-14 10:38:11.772028,198.6141350262816,55.22585286895626
2025-02-15 10:38:11.772028,377.9135659755407,73.63238183552761
2025-02-16 10:38:11.772028,301.07142041132636,30.06757696854365
2025-02-17 10:38:11.772028,678.3087096322218,21.350580047598562
2025-02-18 10:38:11.772028,375.35347930113954,48.48217341409237
2025-02-19 10:38:11.772028,236.54087751611536,56.88250237085075
2025-02-20 10:38:11.772028,563.8713721229543,61.25912082572321
2025-02-21 10:38:11.772028,538.4758864831989,61.749857313312255
2025-02-22 10:38:11.772028,587.1965367790496,25.5437710989588
2025-02-23 10:38:11.772028,473.23660773342766,28.016742726743914
2025-02-24 10:38:11.772028,491.079203205337,61.929187230178584
2025-02-25 10:38:11.772028,132.36789941249958,61.12518640623956
2025-02-26 10:38:11.772028,595.835508660757,60.7778052678544
2025-02-27 10:38:11.772028,626.3046559789298,46.13159763246959
2025-02-28 10:38:11.772028,572.1586243941325,33.911303784647544
2025-03-01 10:38:11.772028,747.3381415247206,40.51283198343824
2025-03-02 10:38:11.772028,719.9066325995768,64.52031078439835
2025-03-03 10:38:11.772028,504.77286960038816,69.76394516208804
2025-03-04 10:38:11.772028,477.55874391109097,33.920369018013766
2025-03-05 10:38:11.772028,71.9002254276121,62.48212796280652
2025-03-06 10:38:11.772028,476.50289398111096,42.98078392841037
2025-03-07 10:38:11.772028,465.6309713865792,52.30563068311459
2025-03-08 10:38:11.772028,582.2834010075735,35.65378945073118
2025-03-09 10:38:11.772028,405.72316750502324,41.55280187703667
2025-03-10 10:38:11.772028,215.41600637999517,61.157510828321904
2025-03-11 10:38:11.772028,361.777775550731,41.314057924637865
2025-03-12 10:38:11.772028,531.859735060041,42.48068007485094
2025-03-13 10:38:11.772028,248.7882765725274,61.644417596753534
2025-03-14 10:38:11.772028,285.08858615168805,39.02738455408569
2025-03-15 10:38:11.772028,524.1277737178555,27.459754300255184
2025-03-16 10:38:11.772028,543.1539725870371,23.408423308964043
2025-03-17 10:38:11.772028,491.85773886340814,60.756341553479224
2025-03-18 10:38:11.772028,665.4463202976158,34.24528334238839
2025-03-19 10:38:11.772028,690.6642502680211,55.8430954472189
2025-03-20 10:38:11.772028,442.5906414441235,72.18392351751585
2025-03-21 10:38:11.772028,231.43638691866357,76.76648822203889
2025-03-22 10:38:11.772028,348.8241744079258,53.801714435244065
2025-03-23 10:38:11.772028,304.9304233595613,53.185619862250675
2025-03-24 10:38:11.772028,541.0391099657653,54.95974652545059
2025-03-25 10:38:11.772028,570.6501463856071,39.683137954082184
2025-03-26 10:38:11.772028,567.640036506564,68.84066721764012
2025-03-27 10:38:11.772028,576.6469937729358,39.18622355415529
2025-03-28 10:38:11.772028,401.57893643491514,55.45283175822109
2025-03-29 10:38:11.772028,421.3468204725827,49.8058279017146
2025-03-30 10:38:11.772028,345.5638755335593,43.003445292775616
2025-03-31 10:38:11.772028,665.5962356216507,47.329665631608705
2025-04-01 10:38:11.772028,652.7399004316042,37.81140348926864
2025-04-02 10:38:11.772028,562.3944395942777,49.39095561934728
2025-04-03 10:38:11.772028,158.74884913973943,79.54989920528381
2025-04-04 10:38:11.772028,629.2673200063632,74.45540820908202
2025-04-05 10:38:11.772028,502.1161976892069,57.52264150492104
2025-04-06 10:38:11.772028,351.24707657347767,54.334994770136845
2025-04-07 10:38:11.772028,576.9528001853878,62.05101280422587
2025-04-08 10:38:11.772028,414.6573836457959,59.29849914420265
2025-04-09 10:38:11.772028,461.3349405935229,55.07498816396127
2025-04-10 10:38:11.772028,468.35000768047723,34.997743249737354
2025-04-11 10:38:11.772028,415.7008011650312,40.05900010303665
2025-04-12 10:38:11.772028,643.6914080845277,77.10601878244881
2025-04-13 10:38:11.772028,559.3804618776612,22.626494666563538
2025-04-14 10:38:11.772028,501.9933327222818,22.780390856359627
2025-04-15 10:38:11.772028,334.90455930255166,57.053118504056336
2025-04-16 10:38:11.772028,343.7128354051616,47.17060793357166
2025-04-17 10:38:11.772028,601.0342016011227,51.38611700928756
2025-04-18 10:38:11.772028,371.30261245322106,69.40184540656841
2025-04-19 10:38:11.772028,154.53509807390213,44.59521731645641
2025-04-20 10:38:11.772028,396.89809484982936,43.522037978628575
2025-04-21 10:38:11.772028,627.2656539857727,37.65631932260171
2025-04-22 10:38:11.772028,491.94428319589446,31.502171113277203
2025-04-23 10:38:11.772028,535.386226153056,40.712471551392966
2025-04-24 10:38:11.772028,326.83257130505103,54.03298470550666
2025-04-25 10:38:11.772028,486.0337585038164,23.280538331051567
2025-04-26 10:38:11.772028,555.7533030597517,33.911879859349405
2025-04-27 10:38:11.772028,373.36225034532055,66.23640644364582
2025-04-28 10:38:11.772028,608.5800140074379,80.48602091992674
2025-04-29 10:38:11.772028,364.08683013879266,49.8056900657288
2025-04-30 10:38:11.772028,355.66821343365535,78.34475552175644
2025-05-01 10:38:11.772028,527.0999863084949,53.33952312572454
2025-05-02 10:38:11.772028,399.12115459812685,57.30633377665398
2025-05-03 10:38:11.772028,759.4569121646896,42.36656517637153
2025-05-04 10:38:11.772028,360.50259953923774,18.468432731629846
2025-05-05 10:38:11.772028,458.9290057302093,37.85101408020769
2025-05-06 10:38:11.772028,529.888028019948,42.13039144723686
2025-05-07 10:38:11.772028,846.4920246703964,48.94988445993736
2025-05-08 10:38:11.772028,401.28756976928673,49.225327950376446
2025-05-09 10:38:11.772028,397.6174149644499,41.64067265277297
2025-05-10 10:38:11.772028,615.2499119488905,65.29009584144659
2025-05-11 10:38:11.772028,668.0897092567241,63.046295654161575
2025-05-12 10:38:11.772028,658.3632898724663,86.76572825397606
2025-05-13 10:38:11.772028,739.6260512599679,48.07018161140132
2025-05-14 10:38:11.772028,577.2023703424624,48.64756747786505
2025-05-15 10:38:11.772028,509.34340093991136,71.48868385117079
2025-05-16 10:38:11.772028,393.39170318025504,61.429946159226795
2025-05-17 10:38:11.772028,548.7749631571246,28.32215544983717
2025-05-18 10:38:11.772028,574.6552395344096,51.23059705271167
2025-05-19 10:38:11.772028,445.4472572796324,62.980248602593875
2025-05-20 10:38:11.772028,468.3055219564653,42.94623971749111
2025-05-21 10:38:11.772028,506.59886376695596,42.6463464214049
2025-05-22 10:38:11.772028,398.95167799484847,41.64722741090411
2025-05-23 10:38:11.772028,466.08351797616797,45.11827450806018
2025-05-24 10:38:11.772028,360.3423918254482,56.681209252490746
2025-05-25 10:38:11.772028,502.8380913886405,67.71333169031558
2025-05-26 10:38:11.772028,373.1397338007653,44.13115618216219
2025-05-27 10:38:11.772028,774.6538798168333,79.28686181839196
2025-05-28 10:38:11.772028,539.050152788051,17.24846814474106
2025-05-29 10:38:11.772028,350.38080998820396,51.35273855319202
2025-05-30 10:38:11.772028,708.3112528421615,55.91023024733221
2025-05-31 10:38:11.772028,364.3404384745339,55.95915401588364
2025-06-01 10:38:11.772028,298.60910767963964,53.60456466276606
2025-06-02 10:38:11.772028,429.70598242057343,54.553670456454014
2025-06-03 10:38:11.772028,537.4371732804375,55.19036998107222
2025-06-04 10:38:11.772028,489.7666552163788,49.318441722663586
2025-06-05 10:38:11.772028,720.0624936900631,26.89459314151047
2025-06-06 10:38:11.772028,79.15673214982115,65.70040010945668
2025-06-07 10:38:11.772028,219.8854430795854,67.38859588573645
2025-06-08 10:38:11.772028,509.3027780232636,60.280225049018746
2025-06-09 10:38:11.772028,396.68158119932576,67.66809944125094
2025-06-10 10:38:11.772028,550.5382455866896,53.39800878360199
2025-06-11 10:38:11.772028,628.63268228394,35.46399025771381
2025-06-12 10:38:11.772028,583.5585093774462,58.39307675586511
2025-06-13 10:38:11.772028,671.1701188257681,72.7646488853039
2025-06-14 10:38:11.772028,511.96308151955543,28.208599530444193
2025-06-15 10:38:11.772028,587.4594213966044,43.679313793613176
2025-06-16 10:38:11.772028,826.7409784060172,38.194888837219345
2025-06-17 10:38:11.772028,385.1584681187618,71.92588513486083
2025-06-18 10:38:11.772028,513.5984174853596,57.593556749428444
2025-06-19 10:38:11.772028,477.20907792936896,74.79113701221354
2025-06-20 10:38:11.772028,414.25915439143785,19.900332812998972
2025-06-21 10:38:11.772028,558.7082866648672,74.57624701546683
2025-06-22 10:38:11.772028,10.0,75.15918414179049
2025-06-23 10:38:11.772028,448.07379062620964,56.026109729659936
2025-06-24 10:38:11.772028,424.6935555439226,82.86879013910482
2025-06-25 10:38:11.772028,663.302414256882,55.842568415193654
2025-06-26 10:38:11.772028,596.3197103655879,58.24150315656546
2025-06-27 10:38:11.772028,516.2604481137001,34.071981164486516
2025-06-28 10:38:11.772028,490.0457126445265,40.036572655381356
2025-06-29 10:38:11.772028,600.6526385716812,17.856789985999917
2025-06-30 10:38:11.772028,570.5798744070084,84.49593034448992
2025-07-01 10:38:11.772028,691.8169930014919,62.562615137903684
2025-07-02 10:38:11.772028,174.07810747430233,34.42472530703482
2025-07-03 10:38:11.772028,725.5837616423728,40.69228118080797
2025-07-04 10:38:11.772028,415.9007774185105,65.70427471230929
2025-07-05 10:38:11.772028,446.8668902651262,37.40477120068311
2025-07-06 10:38:11.772028,554.4418503677107,72.80824404669332
2025-07-07 10:38:11.772028,657.5583140019588,39.26456363181265
2025-07-08 10:38:11.772028,502.7655304801879,68.96108313178455
2025-07-09 10:38:11.772028,759.1999824481317,67.58659726077201
2025-07-10 10:38:11.772028,452.7684411093698,65.69909143311699
2025-07-11 10:38:11.772028,541.1772678210807,61.72787553778345
2025-07-12 10:38:11.772028,718.8674379984973,68.26454416891306
2025-07-13 10:38:11.772028,516.2161596632429,47.6895859752642
2025-07-14 10:38:11.772028,260.1989386139014,36.51827629189212
2025-07-15 10:38:11.772028,342.33838112139887,53.96344431630985
2025-07-16 10:38:11.772028,459.4842981939048,26.71198986742606
2025-07-17 10:38:11.772028,412.3068173826105,37.991001136009096
2025-07-18 10:38:11.772028,755.1848965145667,41.97282158570767
2025-07-19 10:38:11.772028,469.9926366755965,66.3963412046414
2025-07-20 10:38:11.772028,578.9104293842697,43.97233983265062
2025-07-21 10:38:11.772028,748.0055524688969,37.46156777835711
2025-07-22 10:38:11.772028,546.0699613199926,60.05862730447327
2025-07-23 10:38:11.772028,444.3874076784955,60.987111216254476
2025-07-24 10:38:11.772028,712.2745936978654,68.32739334201618
2025-07-25 10:38:11.772028,663.9595170938683,60.94254675676595
2025-07-26 10:38:11.772028,453.4958773842509,57.69832266387216
2025-07-27 10:38:11.772028,515.8787987825876,43.742019012520075
2025-07-28 10:38:11.772028,524.4316562607213,35.72751680049273
2025-07-29 10:38:11.772028,223.03502264487042,52.987992524984634
2025-07-30 10:38:11.772028,765.9001704640291,62.06903291753662
2025-07-31 10:38:11.772028,422.3793791795616,61.06370783965845
2025-08-01 10:38:11.772028,294.2893290034708,53.61113018655818
2025-08-02 10:38:11.772028,643.6455311500035,31.231176963232265
2025-08-03 10:38:11.772028,147.09889663527287,44.07602414279679
2025-08-04 10:38:11.772028,703.5945387030861,35.4879359057709
2025-08-05 10:38:11.772028,377.28647318330775,50.893497974438155
2025-08-06 10:38:11.772028,722.0090923909598,52.59555570776303
2025-08-07 10:38:11.772028,501.0163679226684,51.944384586618646
2025-08-08 10:38:11.772028,519.9406930372234,29.586494319204032
2025-08-09 10:38:11.772028,583.9563844919161,49.7933496389958
2025-08-10 10:38:11.772028,169.716293724345,59.282037297152634
2025-08-11 10:38:11.772028,393.0146538373866,65.7571991425158
2025-08-12 10:38:11.772028,432.61378479423763,41.21876120919153
2025-08-13 10:38:11.772028,337.1376040955179,27.309541905397495
2025-08-14 10:38:11.772028,592.4891145495842,64.68442482252944
2025-08-15 10:38:11.772028,217.67557330214112,37.97963470169299
2025-08-16 10:38:11.772028,461.7923861349691,61.571437281683174
2025-08-17 10:38:11.772028,470.37037390055855,73.2983174341745
2025-08-18 10:38:11.772028,408.04077695390987,81.97336614320069
2025-08-19 10:38:11.772028,459.8939934134308,62.4751834696742
2025-08-20 10:38:11.772028,645.3977490555717,23.74620873159471
2025-08-21 10:38:11.772028,525.788552543279,43.86028394414925
2025-08-22 10:38:11.772028,430.01600164173703,76.16646640061678
2025-08-23 10:38:11.772028,563.6178711694022,72.81165734091158
2025-08-24 10:38:11.772028,488.01410970005185,45.44556708797006
2025-08-25 10:38:11.772028,493.0742517638245,39.19799725429574
2025-08-26 10:38:11.772028,474.42365035959546,65.08154256434631
2025-08-27 10:38:11.772028,344.93142398179043,55.48770096966906
2025-08-28 10:38:11.772028,534.173702861107,65.95875007541987
2025-08-29 10:38:11.772028,430.1552948283764,48.48948209425306
2025-08-30 10:38:11.772028,499.7517284246374,33.101280070092116
2025-08-31 10:38:11.772028,610.7136140845413,27.5434916384782
2025-09-01 10:38:11.772028,474.20142356801585,59.96075319324945
2025-09-02 10:38:11.772028,692.1452268052768,27.90587539950128
2025-09-03 10:38:11.772028,669.2459539161275,49.55095671247795
2025-09-04 10:38:11.772028,732.6620413922112,64.70452444141
2025-09-05 10:38:11.772028,320.6000455824925,38.10581270883102
2025-09-06 10:38:11.772028,429.78074742633646,79.9565073788982
2025-09-07 10:38:11.772028,611.1750366224369,41.85821084516383
2025-09-08 10:38:11.772028,529.4821990673611,40.55065943783703
2025-09-09 10:38:11.772028,555.4914023264049,59.58341670205849
2025-09-10 10:38:11.772028,405.4698214398439,59.799466654035115
2025-09-11 10:38:11.772028,367.9684423869593,43.69622642825732
2025-09-12 10:38:11.772028,690.6364392503357,56.906843831946986
2025-09-13 10:38:11.772028,560.1278991202004,50.134484594434795
2025-09-14 10:38:11.772028,496.6291844634703,65.18474871306125
2025-09-15 10:38:11.772028,229.22668300373863,63.49388739074385
2025-09-16 10:38:11.772028,426.60567821227716,33.4502174528273
2025-09-17 10:38:11.772028,580.2754233610976,55.641340039725705
2025-09-18 10:38:11.772028,584.7224021242382,66.73704300255494
2025-09-19 10:38:11.772028,686.9841930722225,67.43935520654092
2025-09-20 10:38:11.772028,58.657807542803255,90.34371691764241
2025-09-21 10:38:11.772028,619.2712889109085,60.887998130232674
2025-09-22 10:38:11.772028,310.3119841026814,33.313979068456035
2025-09-23 10:38:11.772028,621.914365251976,39.91833426965026
2025-09-24 10:38:11.772028,691.9389603641421,50.036295829398085
2025-09-25 10:38:11.772028,518.3296066867133,57.374051609541176
2025-09-26 10:38:11.772028,214.94378172413911,49.84512290769915
2025-09-27 10:38:11.772028,336.90133716881815,46.058445696813
2025-09-28 10:38:11.772028,586.0699693598586,44.70738202469944
2025-09-29 10:38:11.772028,434.714249136827,54.37465904330384
2025-09-30 10:38:11.772028,448.7325491061833,47.519330186285934
2025-10-01 10:38:11.772028,654.7624730764198,39.22796882392258
2025-10-02 10:38:11.772028,555.147668840094,52.929978791913435
2025-10-03 10:38:11.772028,492.5446820575814,46.70942084068566
2025-10-04 10:38:11.772028,624.3172934834345,63.79088880610631
2025-10-05 10:38:11.772028,455.7752845775844,29.319833973384224
2025-10-06 10:38:11.772028,155.01100249547233,47.03799686844759
2025-10-07 10:38:11.772028,344.35482073362425,58.35588856321136
2025-10-08 10:38:11.772028,262.6145431581539,64.76451009752137
2025-10-09 10:38:11.772028,328.5160813956112,30.60795786296425
2025-10-10 10:38:11.772028,260.568779832204,58.80816731105795
2025-10-11 10:38:11.772028,366.0334763038477,59.09212122484028
2025-10-12 10:38:11.772028,700.2353783764734,49.10389408642699
2025-10-13 10:38:11.772028,369.40193312338147,65.35401766824562
2025-10-14 10:38:11.772028,454.2860137769543,41.54614501994233
2025-10-15 10:38:11.772028,784.5456940749375,19.030733300366947
2025-10-16 10:38:11.772028,515.4982154656191,64.88509546916328
2025-10-17 10:38:11.772028,493.70223003659953,34.182853460690964
2025-10-18 10:38:11.772028,476.33564682616617,49.372007259755804
2025-10-19 10:38:11.772028,585.5810750667879,74.118693650233
2025-10-20 10:38:11.772028,632.87474182956,54.166623767736816
2025-10-21 10:38:11.772028,538.4524422744233,62.353537384144246
2025-10-22 10:38:11.772028,244.6188901521117,23.91169780408583
2025-10-23 10:38:11.772028,602.8906578951622,65.68811028982157
2025-10-24 10:38:11.772028,323.26958200970626,36.36821464849563
2025-10-25 10:38:11.772028,381.4762206458064,67.45972787356253
2025-10-26 10:38:11.772028,640.5144692087412,30.501834049916532
2025-10-27 10:38:11.772028,513.4066527243989,59.24533287745892
2025-10-28 10:38:11.772028,426.0802178325081,61.03554185304409
2025-10-29 10:38:11.772028,733.201437187475,49.712631336832324
2025-10-30 10:38:11.772028,478.15772582507594,53.57723957342755
2025-10-31 10:38:11.772028,493.67889044246243,58.04515885802347
2025-11-01 10:38:11.772028,307.5354660815413,31.20557146824847
2025-11-02 10:38:11.772028,467.8391784577331,41.69727412009801
2025-11-03 10:38:11.772028,538.3139579554179,58.70551227214716
2025-11-04 10:38:11.772028,311.2325365625684,35.99891576841672
2025-11-05 10:38:11.772028,453.5086177898979,46.106883124891354
2025-11-06 10:38:11.772028,564.3739811921099,41.774324352341026
2025-11-07 10:38:11.772028,849.7437956699966,50.249584219028094
2025-11-08 10:38:11.772028,551.2406370509503,53.339884894042456
2025-11-09 10:38:11.772028,569.9085679502236,44.04438305509169
2025-11-10 10:38:11.772028,332.4513744024663,69.35826899886733
2025-11-11 10:38:11.772028,318.6607727442124,75.51941126136603
2025-11-12 10:38:11.772028,475.6167562854143,51.98592272517286
2025-11-13 10:38:11.772028,355.27421981593216,58.17831273815811
2025-11-14 10:38:11.772028,525.9728821549596,30.810103586160267
2025-11-15 10:38:11.772028,436.3941247557445,38.73289747606145
2025-11-16 10:38:11.772028,632.1810455967583,71.46452095794213
2025-11-17 10:38:11.772028,697.9532951279085,49.051546189826546
2025-11-18 10:38:11.772028,224.2612315729565,77.95837682088839
2025-11-19 10:38:11.772028,538.0479242354257,41.40700065177841
2025-11-20 10:38:11.772028,464.5664390828512,37.010601965633064
2025-11-21 10:38:11.772028,232.42047761519723,31.84005196282785
2025-11-22 10:38:11.772028,261.0157026458137,80.9856749784281
2025-11-23 10:38:11.772028,625.6414943751299,46.02501625027029
2025-11-24 10:38:11.772028,544.5067364291268,62.29329430127734
2025-11-25 10:38:11.772028,538.2578177691335,41.86826631155432
2025-11-26 10:38:11.772028,450.36663918608315,64.385789432059
2025-11-27 10:38:11.772028,299.04180856473687,82.65248670229917
2025-11-28 10:38:11.772028,745.0698390230125,61.95661883423991
2025-11-29 10:38:11.772028,478.8829752176724,23.178392695348766
2025-11-30 10:38:11.772028,600.322159905917,69.98533444198316
2025-12-01 10:38:11.772028,189.85165515705194,51.44274735340085
2025-12-02 10:38:11.772028,595.6869528421969,68.46755893881141
2025-12-03 10:38:11.772028,673.1220607897052,32.176154909376535
2025-12-04 10:38:11.772028,620.6041050887254,45.27158922260695
2025-12-05 10:38:11.772028,622.1983846714658,50.015207848641666
2025-12-06 10:38:11.772028,788.2406990410936,27.62832357769017
2025-12-07 10:38:11.772028,556.3880078749811,41.94204969236752
2025-12-08 10:38:11.772028,546.3066678430384,51.430006017529095
2025-12-09 10:38:11.772028,523.1352979552179,20.021907022872334
2025-12-10 10:38:11.772028,416.59906405854633,52.01924344263345
2025-12-11 10:38:11.772028,362.76291376728136,40.74265124745353
2025-12-12 10:38:11.772028,515.3794440804689,61.35744251087116
2025-12-13 10:38:11.772028,563.4575692205241,55.01082347652148
2025-12-14 10:38:11.772028,653.8353892283692,59.58895446397113
2025-12-15 10:38:11.772028,549.3412461559659,32.46258991524242
2025-12-16 10:38:11.772028,402.50738081467364,36.60860357425702
2025-12-17 10:38:11.772028,503.98209971139397,52.055197620110064
2025-12-18 10:38:11.772028,517.75051681197,49.416537729316275
2025-12-19 10:38:11.772028,251.08113472074618,59.68328609373326
2025-12-20 10:38:11.772028,525.6221207333404,67.44541017572377
2025-12-21 10:38:11.772028,396.47520323306685,48.59042918049513
2025-12-22 10:38:11.772028,513.3975655717893,81.03204977511301
2025-12-23 10:38:11.772028,307.55325033287363,53.07295991660928
2025-12-24 10:38:11.772028,454.5172476327074,51.70239815078633
2025-12-25 10:38:11.772028,316.30677305529423,55.86485747462376
2025-12-26 10:38:11.772028,546.169924248811,26.244778083030123
2025-12-27 10:38:11.772028,496.6941438013332,24.0793641181022
2025-12-28 10:38:11.772028,764.3563551629506,79.026532334087
2025-12-29 10:38:11.772028,654.6872883221816,41.55158854791928
2025-12-30 10:38:11.772028,190.43231504531423,71.90384410274795
2025-12-31 10:38:11.772028,379.1981132806888,33.30950046148527
2026-01-01 10:38:11.772028,558.0551971586858,37.82352048928756
2026-01-02 10:38:11.772028,574.8783835080388,63.35331605601294
2026-01-03 10:38:11.772028,493.5034163902682,21.64335321610804
2026-01-04 10:38:11.772028,650.708844245782,46.692935916193704
2026-01-05 10:38:11.772028,534.6052787751411,68.23623798156581
2026-01-06 10:38:11.772028,646.740241757055,56.15551958698711
2026-01-07 10:38:11.772028,507.84648774854185,10.867710013359456
2026-01-08 10:38:11.772028,368.5290930006765,56.87005455358477
2026-01-09 10:38:11.772028,378.9671570389115,55.42510344160187
2026-01-10 10:38:11.772028,447.1341554324756,59.30493412486229
2026-01-11 10:38:11.772028,15.724170822528833,49.78024535737673
2026-01-12 10:38:11.772028,398.0188162346683,42.09978261563992
2026-01-13 10:38:11.772028,509.9072393578772,57.10407016291544
2026-01-14 10:38:11.772028,339.43599698571484,50.84186460866746
2026-01-15 10:38:11.772028,597.9526574121978,60.52326543139009
2026-01-16 10:38:11.772028,290.6263802993176,64.64724772687292
2026-01-17 10:38:11.772028,662.4715997940655,65.25145886593079
2026-01-18 10:38:11.772028,324.5339479232464,50.35509049870417
2026-01-19 10:38:11.772028,407.53974399122546,69.27297489431307
2026-01-20 10:38:11.772028,456.78384295398433,41.89027143013348
2026-01-21 10:38:11.772028,376.50888532368833,28.23379609124855
2026-01-22 10:38:11.772028,457.8491105033202,27.597557008427593
2026-01-23 10:38:11.772028,535.1462086025933,32.92194353459358
2026-01-24 10:38:11.772028,486.43361304889544,32.025225116019726
2026-01-25 10:38:11.772028,509.37314624999266,37.35689784907624
2026-01-26 10:38:11.772028,695.9426296672357,64.97136338532425
2026-01-27 10:38:11.772028,469.9047080582103,49.02307392742982
2026-01-28 10:38:11.772028,449.2203290058608,84.45325234589399
2026-01-29 10:38:11.772028,518.8433406145867,41.6866394633297
2026-01-30 10:38:11.772028,519.5124704050859,40.65517988713399
2026-01-31 10:38:11.772028,214.64419580809306,63.39205118756322
2026-02-01 10:38:11.772028,455.052339244807,64.91196085567701
2026-02-02 10:38:11.772028,645.5032583076511,30.196251486290457
2026-02-03 10:38:11.772028,381.58693006926933,64.10774584436807
2026-02-04 10:38:11.772028,782.346973682376,52.23535420245524
2026-02-05 10:38:11.772028,578.8683916316169,69.8743438418999
2026-02-06 10:38:11.772028,641.4219748796734,23.82434493507222
2026-02-07 10:38:11.772028,516.1068202008433,60.89893892518438
2026-02-08 10:38:11.772028,384.33569505253456,47.211129160744264
2026-02-09 10:38:11.772028,664.8393174750373,46.578414043627994
2026-02-10 10:38:11.772028,504.29280312486236,37.82037923012379
2026-02-11 10:38:11.772028,362.101481553564,44.618772229946025
